Type,Feature1,Feature2,Feature3,Feature4,Feature5,Feature6,Feature7,Feature8
Astrocytoma,0.5101459,0.85205957,0.250466,0.257806646,0.09534131,0.8786124,0.36974603,0.7270134
Oligodendroglioma,0.629262,0.58632542,0.707496,0.004077592,0.32000101,0.8299732,0.09765079,0.4806572
Glioblastoma,0.644321,0.04462708,0.5518775,0.84612569,0.36102652,0.7099089,0.18575847,0.4982066
